id,phone_sequence
fadg0_si1279,hILAJaIDFBMrDwMwQt
fadg0_si1909,tbLKPLywDBPJIFBULhLytwKr
fadg0_si649,wLJcQrJtICcBgLAwQvyDwLMyQLHIrLHcJnDIJLMnLMtrIFwLABymrKnLH
fadg0_sx109,KyJBnLMwDJLHIEvrgLuBaDcJLMyLMJBFLH
fadg0_sx19,FBFCDcCJFQSrLADatDLytBcDUwyD
fadg0_sx199,TnDziBLIrDKwmcQaLwLAJLhcFKrLMwLADMsLzwJLMwUyUwJ
fadg0_sx289,SLrLHIytLABaKwUrQIrTyJtcBDJybB
fadg0_sx379,HbDLuwJMIgQyEBcJDUaDlrULksU
faks0_si1573,vwJLAaLMyFJLMwDvbLurLkwDwULymwtBLhPLJLSaISaIDwDibLy
faks0_si2203,lwQIyUgUtwLlwJLMagLJyELtPBwKDe
faks0_si943,HILkaLAKwDytaBtaILhBFcLAJLMwLMsKwDJ
faks0_sx133,HyLJrIywUrLADyETDtrLASwLAGDLiK
faks0_sx223,HLlLhwLMrLhGaLMsLhGDcLuraK
faks0_sx313,IaLtgtaIJDcLhaLAJLHctaIyLuFBe
faks0_sx403,vrSaILuIFLAwJnJcQFByJLArLJDwLBgJwJ
faks0_sx43,vnBrByLHyLHaIaNDwLAJLABPLwLk
fcal1_si1403,wBaSsUlwDwLcLHsKwDJgLAwLABLhBgDwJCsbDntnJwLJnBt
fcal1_si2033,TPLhwLABaJKsDLwNLlrFSsJLMaIBgLlwJ
fcal1_si773,BnmaLHIaLznLALMIgJBFBytIJnQIBLlnDsU
fcal1_sx143,lwJbDPLzwDQtrULhyLucJLAyrLknmbDcBF
fcal1_sx233,vgSswDtIySsCyDwJsDLlnE
fcal1_sx323,lwtaLHrQnDwLlnDLtrCrIgQwEDgDLMaID
fcal1_sx413,lntyJLSymKLDwmcLHGLJLAaItLCbLiLzrJLArLM
fcal1_sx53,yDwUwLhBQLAnLhyBnIyLAwDLMsDJnDLBJ
fcmh0_si1454,aIwLzBFByLlCsDLMgLKyPULMSrQnIywJLAaCHUwKwDUctHaBycJMrJ
fcmh0_si2084,SmLhbmwLMyCyDLsD
fcmh0_si824,JnQatrCUnCrLiwDLkgUwEwDUgDLInLHrsKwDTPNyDnDytbLirU
fcmh0_sx104,vyJLMFcLkgDICLhsLur
fcmh0_sx14,hytaINlrUwUwLUsbCrLIyQyPnQIytaICyBa
fcmh0_sx194,hswDzGSnDgLwKwD
fcmh0_sx284,zctgyPaILuPLwDtsLrlcJwDwtTPLzHIrLiwJ
fcmh0_sx374,zaDLAByDUKFtwKtaIBwmwE
fdac1_si1474,vgJLAybDCbDvyUJbLhBwULCaLkwULMsUJLJ
fdac1_si2104,vgtgvytgLMsBgKLkwQGJyLbBgbJ
fdac1_si844,tgUJLMbLCwLAFBcQtwKwDUsywUwLisyULvbLuysLAJLHbDLJnQbLiaBLHsLAJLHnIywDLJ
fdac1_sx124,gLzwLiJLCsmwLHyPQrLhyPmctaB
fdac1_sx214,lcCaDyELkwBaDlnJLHgLwSbLuBnJnDLkwLwDlwJgDU
fdac1_sx304,iyLJLMgLuyEUICgDctIsJLMgDlnLSaD
fdac1_sx34,kgFDLzwPLigByULksmyLkysLiwUJ
fdac1_sx394,AbJyCsLJLChaFDUJwDLMyUJLAIaD
fdms0_si1218,HFBcLJCaIBQrLMScBDvyCwDHbKDJ
fdms0_si1502,vwBCUDgLUgLBgLHbDwuvsLAstSgLMyLhwHsLALDaLzwJwLHbr
fdms0_si1848,SyLAwDkgLMyDLuyLADgBgLAIyBLHyLHB
fdms0_sx138,lwABcDULAJCrJLkwBJDwAJlwDUwtHrtvyD
fdms0_sx228,kwQyLHGDkcQwDBcLlywDKD
fdms0_sx318,ByULkwLCcLMsmwUcLhytatIaJLM
fdms0_sx408,gLILlwJcLhSsLhnDvbQDwDwtLiyDz
fdms0_sx48,uIcDcQreLAIPvrLHIDyDHbLHbLJ
fdrw0_si1283,lwmyEwDwKnBLMwLlwQsyFgLMPymyctaBbLwLAsUIbLHcBynLtgJLM
fdrw0_si1423,hbLkgDvyLugmcLMwLhBgB
fdrw0_si653,KwBymwJwUwQIyamySyaBLDaBwLz
fdrw0_sx113,nDCcJAwBnvbLkCwDLwULuPLtIyTLhbtLA
fdrw0_sx203,lLAagUSsnDwmLIcLHBsyLbLlwKFar
fdrw0_sx23,lwUDyUwKDJvaCDagUCaQcBJBy
fdrw0_sx293,AByJMsLlwULkrmyLMsLuLAaLMwLAByDwUtnDCs
fdrw0_sx383,lLAaLMcLAByDnKbCHPmaIbDFQIaLu
fedw0_si1084,lnLlsDCPvLCsLhyLhctaCsKcDLAalsKsLtaDtSyLiLclwKsLJyQat
fedw0_si1653,vyJLhaLuJPLlwBy
fedw0_si1714,ATwrJScPBaLALSwyDaCcByKLMnLhywD
fedw0_sx184,lsLMbLJCyaBLaBSsULvryLJCgLAyrU
fedw0_sx274,ABntLScJPLhgLlcQcLuKyrIwJLlcJaLi
fedw0_sx364,yLzcDMgCBsEAaCBaJLABwDJgmwLSwLlcLhIsLkbDcmyvyLwDJwJLMwCLHaSgM
fedw0_sx4,zbCsnryCaCgDwLhaSaILAwDvaILM
fedw0_sx94,TaLAJMrJBaQLAaCDLAbDysJLMIyLJ
fgjd0_si1179,SgLKcQlyUwtnLAJLhy
fgjd0_si549,lyJLHIFLurDUwCMwJgUtwLAJnLMrDJcQgIsKcLAgbJrDULHyJLaIy
fgjd0_si818,hFCUsDAaILBwLzLMIsDJCwLHaIBywDLMwDMPQIrtBnLlcLMwJaIwLAJwLlDFBJ
fgjd0_sx189,MwJLMIGnQIytaIBsmwLMwCIerLwLJ
fgjd0_sx279,eUwUwLlwBFLMyLzPSrLHwLMnJwLHrQwKwDwUDFSrly
fgjd0_sx369,haLHsLHrmFQUcBwQyErCyrBU
fgjd0_sx9,vSnISrTyPvSaSySrBSsy
fgjd0_sx99,lwLyQBJcJgLySwULhsJMrDvgraILAyU
fjem0_si1264,kybDJwUaMwDsLlctaDrJHFLAwDwQrUPJ
fjem0_si1894,gtalnIynDvwCatvwJwLAywULuF
fjem0_si634,vyrvywJLASgLMrJSsUwQByLlwQrywChagmwDvnmwDyDwtCDtBgDwDtJ
fjem0_sx184,wLAbLJCybBeaBsUvrLJCgywDJ
fjem0_sx274,ABwtwUJPLhglcPcLKwrywJLCctBagLJ
fjem0_sx364,yLzcDLMgCyELAcCBaJLAFDJgmwLSwtwLhIsLkgmyvymyEUcJLMcCHaIr
fjem0_sx4,zsDCsLrCaCgDyLhgSrLATDvaIr
fjem0_sx94,TcDtrUPBFQLAaDwDLMvbDynJLiIyLJ
fjmg0_si1181,HIaLHrByvyULkLHInlwChFLwUnDbLJgLwULMwCnDLnDwDBgDCb
fjmg0_si1811,HIbJnBsvwULSgrLIbDrJnLhIbLlcJy
fjmg0_si551,wUwDCbLlnIbmnDbLMwJLHyLigBnLtaBLM
fjmg0_sx101,MwDrCaILDJKFLunDLknLArIgLlnLHgbJInDJtrAaBvaBLksyJ
fjmg0_sx11,vyBgeLAaIsbrBgr
fjmg0_sx191,SwJLAIaBteDybLJyJsKDUwSgLJ
fjmg0_sx281,AaIyELMIysKLHBbLMbLSwtLhyLiLhaBJtrgrJ
fjmg0_sx371,IgDveCbDaLhyLwLhbJMbDtrLhwUDnJCrLzrU
fjsj0_si1484,lnrIaBUFgDwJLJyLArUntMrLMIsU
fjsj0_si2114,JLMsLyKUnLCBnCybLlFULkgU
fjsj0_si854,wLArLzwDLknLJKwUgUlnLhwDwtwLJ
fjsj0_sx134,wUwrLzsDPrDgJLCcLMwJLnDwDCgDy
fjsj0_sx224,gLuwDJrLzrLMJ
fjsj0_sx314,wJLHyLlcSrCaILzwDrcUnIwLhyDFDyLtaScBtr
fjsj0_sx404,haILhrLHsLIwByUwmwLhsLhgr
fjsj0_sx44,lnULhaLAChyDnrLMsyDJLHaILM
fkms0_si1490,vbLMJcScUIaLMLHvbLMJwLScJLzcJLM
fkms0_si2120,vyLHaULMLlnDnmwLkLnQrtwDcKwLHwUcSnLHcD
fkms0_si860,lyUwDtBPLwLlByQUQnLUDJwUJLcBcJwULnDBgFtJ
fkms0_sx140,nLurLABLiILHIaLAJaILAcDyQDPByLwJLMwQwmw
fkms0_sx230,cBaBySsyvyrLhcIgKBaULaBnrUJ
fkms0_sx320,lDwrJDuaLuDCsDcLySwNwDScAwDLwJMDJ
fkms0_sx410,uIwLhgUtIKCPBLAyLiSyLMwCGDwD
fkms0_sx50,AbmcJMIatwLAcDaCwLAcLHnLAJLDwLBLlLHaIr
fmah0_si1289,tIgsCSLTyUnLHsar
fmah0_si1919,snQyCwQCwJyCsUyQnDnUnrByDGUy
fmah0_si659,vyUsJLAIyUcBFDLTamyLzLCsCwJIwLwDaJwUnDvyJLzPywDw
fmah0_sx119,lwDwJLAcBwUPLAIbLAwLQwtwDwLHaBLzy
fmah0_sx209,CgLucLAaBrLhLhbLIwCSaBNLAIgaDJ
fmah0_sx29,vnLuIsLHsLAwLHnLAwtLHwLMsmwU
fmah0_sx299,JgmyEAIyCwULHaLHwmrawCrCvaByD
fmah0_sx389,lscDrLhyAbJwDPrIyCcLAwLAyJag
fmml0_si1040,DalwDPUwDLkcBLzwDLAJLIwByLsDzwJBcLAKry
fmml0_si1670,HbLDcLhwJLDwJFQyvynrLaJLMsLAbLwEBy
fmml0_si2300,CcCcmnSwULwJgLrJctwLAryaJwLy
fmml0_sx140,vnDrLAFLiIFLHamrLAJgrIgDyCwcByLkJLMwLhyw
fmml0_sx230,lcBaByPsvnIrLwLIbKagUaBnrJ
fmml0_sx320,wDnrwJDwLMgLCsDcLhyIwQwDBaLAEwJLMwLJ
fmml0_sx410,uIsLhgJtrKLCaLAyLiSyLMsBgDv
fmml0_sx50,vbmcJLMatwLHnLHDaDwLHLgbLAJDuILlcLHaIr
fnmr0_si1399,lcJcJgmyIwBywLUwJMbJwLMnDMLkyFQIDcLFQwLuaBaCrIyKwDcCbD
fnmr0_si2029,wDFMcQLAaLAbDwDMwvwUtGJ
fnmr0_si769,JFJgLkwLkIgSNBnmaDKrLuLhaBv
fnmr0_sx139,lwLhgDcBFSULHBnJcBwJwLiPsmwLCnlwKaIr
fnmr0_sx229,aIyPLAEtaICHBgCcDM
fnmr0_sx319,cLhwLuFLMLAgLByLAbCaLktIPlwtagCyaI
fnmr0_sx409,yLMyEJLHwCwLiLCgByEAIyJwJLMrtIrIgLUwBcJByv
fnmr0_sx49,wLMSgBgLDcLMSatAlsScBbLKLhBy
frew0_si1030,hIyLwtgrLAIrLAr
frew0_si1280,lwJKyBMrJKcSLhrQIgIaBUnLUByLtaBLtrMnLAKwD
frew0_si1910,vyBwLkwDLIyLtwlcCgDyELAcLHDy
frew0_sx110,lLhnJsmcBrDwLMcJaQwLALMrLHIaLuB
frew0_sx20,JKPSaSaIDtByUySBDcFQIaBU
frew0_sx200,SetLADMILlcaLHaLitcLhByLirJ
frew0_sx290,lwJLHrKrULwMwLurByDHaICLMwtrLAIJLHnLwLhgr
frew0_sx380,SnLiILzIcDytrUwLAaLwLi
fsem0_si1198,vwUagDJLhgrwE
fsem0_si1828,gKJyQwUnDyLkwLJByLhcLJcKFBywDtwQBPlcDTPtILua
fsem0_si568,bIgwUwLAbmcJMaDcLAIcJLMcDSaDSgBnQcr
fsem0_sx118,ACgDaDwyDImynDJwDrBaILMLhaB
fsem0_sx208,IaLUJnLhgQcHaDJLMnLJLMwJLMIsLuyUJ
fsem0_sx28,lsLwLkaLutcScDLkerDcQkbJ
fsem0_sx298,gLunQcDaLhagQyUJPUwDyQrLiaILzJ
fsem0_sx388,vrIgLvbDnDsLJSDnQrLlwLhIrCnLMwLHInKrLinDLzwU
majc0_si1946,lcIcJBDLHIaLBCcULhgDFCyEJaBtLM
majc0_si2095,CgLkbLkwmwLDvylwQLMPLuIsmsLz
majc0_si835,JnBUCcLiwLHwULMwBDcJcJnryLlmwLJLwtrDLhIgDLwJnUCwLiKn
majc0_sx115,lynCBCLkwLHwLJyLAIaLHBnJLaBLuBc
majc0_sx205,cBLMnIwLHrJDaBarLALhnLMwLMPFLhsLuFQCDcaImrJ
majc0_sx25,aDBGrUBFQCwByDnrwJ
majc0_sx295,wtLAaIBLAawJLMCaIeLvbQrIsDKtrCymwEwLMyQ
majc0_sx385,vwKFLrtnBLMLnUwtwSrLhrLAcD
mbdg0_si1463,SwAbDvSrQrCbLAJCgUwLJwLALHnLMLkgTyD
mbdg0_si2093,vylnDatrLwUcDbJLMCwmclcSnlrLSwLiwJLgDwDwDUybJLMw
mbdg0_si833,BnJLHrJKDCcJnBULCDin
mbdg0_sx113,cCcJLAaIbLwCwDwJLAwLtrLhbLA
mbdg0_sx203,lLAaUSyDwmLhILHBywLMwKraIr
mbdg0_sx23,lcULCyUwKwDJvaICgUCaIQBJBw
mbdg0_sx293,HByJLMsLlwJLMryLMsLhBLABaLMclwAByDTrJtrCy
mbdg0_sx383,lwAaILHwAByDrKnCHPLaLaIyDaIa
mbns0_si1220,lsaBJFScDCcDyLHInJLMyUwDUwLATrLUy
mbns0_si1850,lcLuwLCaIFLMyTPCgLhGJ
mbns0_si590,ILzwJLMcDFUcDtnrwUclCFJLAaCDCnLlwLUcQIrLAIaJwELJ
mbns0_sx140,lbLurLABLiIFLHIaDcLJaIcDyQDByLkwJLMILhwLMw
mbns0_sx230,lcBeBySsvyrLhcmIbKDBgUaBnrU
mbns0_sx320,lDwrJwDwLuaLCyDaLhyScMwDCSaAwELwJLMwDJ
mbns0_sx410,uIsLhgUtInKwDFLAyLiLSyLHsCaIwE
mbns0_sx50,AbmwJMIatwLAyLADaCwLAcLhbLAJDwLuBnLlLHaIr
mbwm0_si1304,PSwJwAJLHPULMPvaLhBcJlyLunKLin
mbwm0_si1934,SsmcBFSaB
mbwm0_si674,lwJwJDwJLHnLMsmrLMnLHwAJLHrywDLMJLlnQIyScDwJLMLhyLHLMwJLHD
mbwm0_sx134,wJnCLrDzbDwSrDgJCcDJMJLHnDCgCy
mbwm0_sx224,vbLuwmyKrDLrDLJ
mbwm0_sx314,HyLHBSrCaILznDrJrLhyDyLtSBtr
mbwm0_sx404,haILhrDLHsLHrDcByLUDcLhwLhgaDtar
mbwm0_sx44,hbJLAwLHFAwDLywDrLAsDEJLHaI
mcsh0_si1549,TaKwmQBnLDyLkPgLM
mcsh0_si2179,CgCclrDnQrSaLMJCy
mcsh0_si919,gaQyJBylLhIgmcLHsrvbUCDywLzcJLCcLiLMCsLMwlrDPJwLMPGKwD
mcsh0_sx109,KyKBnLMDJLHIyDvrsLAFaDcJKLMyLMJBFLH
mcsh0_sx19,BPCcCJFQrSrLADatDLytBnCUwy
mcsh0_sx199,TnDLiFQrDKwmQGmyLAJLhFKrLMPLADMsLzwJwUyUwJ
mcsh0_sx289,SnlrLHIPtLuFBgKwUrQryTPJtaDJybmB
mcsh0_sx379,HsbCLusQULIgQySnJDUcDtrULyJ
mdlf0_si1583,trScDJIbmLABSwUcCbSUrILACDksKwC
mdlf0_si2213,JcCLhcmySQDFQBgJwU
mdlf0_si953,vwJLMaIwDUQbLMPIyUDUtrLHrJwJMyDJFaEwDrDcJMLusKwDJ
mdlf0_sx143,lcJeDcQLzDrtrULhTPJLAwrLkyrLMF
mdlf0_sx233,vLvgSsDtIyPsCyDwJsDJnE
mdlf0_sx323,lctaLHrQInDLlnCtrIgQyDaDMagrC
mdlf0_sx413,lbtyJLSyKDymcLHGDJLAaItCbLiLMrJLAr
mdlf0_sx53,yQwJcCLBLAbBrIyLADLMsyDULJcCBJ
mdls0_si1628,lwJcCgvnBsLzrvyDtaDMnQwmwDcLUaLuSsy
mdls0_si2258,TPnDcvIySIDTwB
mdls0_si998,nLlsNIgQcBamw
mdls0_sx188,cBaNrIgJycBmwLAJLHnDJLAbB
mdls0_sx278,kPtclrwULHnJLMyLzyLAsKByIyLkcSaBJMyLzaIB
mdls0_sx368,SGJAaJMwDymwLBgLuBFJLMLyLAcCHyByBLunLM
mdls0_sx8,SgyBcSryBQrJBygCJ
mdls0_sx98,AnJlwABnJLiDtcDybJr
mdvc0_si2174,avgKamcLHLvyJsLk
mdvc0_si2196,vcLHItIbKDcLhIaCywULuLwEbDLAaCwUCagDcScUDLMLyJDyULMnLM
mdvc0_si936,BgDyDaBlLMyJLCsLMsLAyTraICaIr
mdvc0_sx126,aIrtwKcBwDLMnBLzwDJwUtrIyB
mdvc0_sx216,lcJLDCaLhGLHcLMcSaICaDcvFLA
mdvc0_sx306,cLiFUcDtKPSPLhyLAaDLzbDaBJ
mdvc0_sx36,BylcCFJLMwAaLHBwKaImwJLcLMsDLHaLHwBnrmy
mdvc0_sx396,lwtwKLhyLubDLMcByLMtIbDwLAByaDcJrtcJcQlcJLCaBsLAy
mers0_si1019,lnCDyPLMPlwLArLMIyLvSrtrLMPULHFLIrCLJ
mers0_si1649,wLJtcCeLyLTDa
mers0_si497,lJLHBslwUSgLJLlLHaLlJMcBgLlwLiwBkrDLbDrLknLAILwQbLJg
mers0_sx119,lCwJLAaFLSUILMIbLMwLkLSNcLHaBcLzy
mers0_sx209,CgAcLABrLlLhnLkIrCaBLSLAIsaDLU
mers0_sx29,vcLuIsLkwLHwLAwLHbLAwLHLMsmcJ
mers0_sx299,KsmyLAIyCwUwLHaLHwSrvgmcCaDveFGyD
mers0_sx389,lseDwLhwLuveJLwDIwCFLAcLMIyJbLk
mgjf0_si1901,FSnCQIyULMBswAIaJLMwLCPQDwBgLASsrJ
mgjf0_si641,ABQrBgLJaEJSrFQcBwLAGELMIgLzLJaEJcBQcLMPCBcLMrCbmwLA
mgjf0_si776,kwmgLMIgTaIDLMPLMgM
mgjf0_sx101,AwDrDiFMwDLMnLArsLMrLABbKrCJtraBvaBmsJ
mgjf0_sx11,vySaBerInrBg
mgjf0_sx191,SNMIaBaBtcDybLAyUsKDUwSaDJ
mgjf0_sx281,AIyDLMIwKLHBsLMbLuSNLhyLiLhaJtrerJ
mgjf0_sx371,IgDeCsDaLhywLhnJLMgCtrLhwUwJLIrLrJ
mglb0_si1534,wULwAcUcCcJBcQDBnDnJLlcLkvnLuIFUcCgtsJ
mglb0_si2164,MwLAnQwJcNb
mglb0_si904,vyLHwmwvsLwCuIbLwUInQIcLMIbLAJLAwCwLkwQyPLunDLhB
mglb0_sx184,lwLAbLJLCyaBaBSUrLMLhgyrJ
mglb0_sx274,ABwtBwJPLhclcBcLzrywUcJgK
mglb0_sx364,TyLiwDMgCywDLAcCBaJLAcDJcmwLScLhIwLlcDcCyEJwLMCLHaILM
mglb0_sx4,zyDCsrCaLhcDwLhcSrLAEvaLk
mglb0_sx94,TcCJLMwUBFtAaCcLAbDkyULiIyLJ
mgwt0_si1539,twJLJLHaDCcLkvwCbUyJLMbLurLtaILk
mgwt0_si2169,cLJLMsrULhwUwtyLiKeryDgLArIyDLIbLJLHvbmrIeDMrIPcC
mgwt0_si909,ACLHBJryIyLMgrCDknLJwLAJLMytgQcBPCUaDgvaIgUcD
mgwt0_sx189,kwJLMIGnQIytgerIyBsmwLMCgamnLJ
mgwt0_sx279,bBcUwUcLhwBLAyLMcSrLScNeLiJwLHrQwKwDLtLwUDFLuSrwlyvy
mgwt0_sx369,hgaLHsLHrmFLHwlcBwQECrCTrIBJ
mgwt0_sx9,vSrSryBQSgByrFSs
mgwt0_sx99,CymyQcJgmySULhyJLMgDvgrIaILAyUJ
mjar0_si1988,vaUwJMIsLATPFtaBrtsrC
mjar0_si2247,SyLAwJwDByrKw
mjar0_si728,HFJybLHBUwDwJrcLMILMaBQCnDnLJLsDeCvDLASB
mjar0_sx188,SatrIgUyDCDwLksLALHnDJwAaD
mjar0_sx278,MwtrlrwJLHwJLMyvywAsByIyLJcSaJMIyLzrDF
mjar0_sx368,aIyJLAaJLMCyDwLhBbLABFULkLhyLACHyByBLunD
mjar0_sx8,SgTyBrSryFQrJBygmcCUJ
mjar0_sx98,unJcASKDtcCynJr
mjfc0_si1033,lwtLkaILAsClwScQBPJr
mjfc0_si1663,vytaLvyUFaLHnBtsJnmcSwDF
mjfc0_si2293,lPUSrJLHnKBylcScDUnmaBclLICcLJBbtMnBemwJLM
mjfc0_sx133,HyLJrIywUrLADQyEwDtrLAIwLABcLK
mjfc0_sx223,HcLkLhcLirLhBaLMsLhBDLuraLi
mjfc0_sx313,MIaLtgtaDJDcLhaLctaIyLuFaB
mjfc0_sx403,rSrLuIrLADJwJcQaByKLArLiwDLBFJwU
mjfc0_sx43,cBLByLHyQBaIatCwLJABPLw
mjsw0_si1010,lwJFLAaBQnLiBgQIywJlcvgrLknDFJLHrCQysLuJgJLMJyLky
mjsw0_si1640,vaLwLScDLzGDC
mjsw0_si2270,kaLJLMwLJcLkwELMcScDUyLuFB
mjsw0_sx110,wLhbJSsDBrDwJLMJaQbLALMrLHIaDJ
mjsw0_sx20,KySaISaCQtByJySBDFQraBU
mjsw0_sx200,IatAwLMIFBJLMaLHgLitcCcLhByLirU
mjsw0_sx290,lwJLHrKrULHwLMwLAByDtaCwLMwQtrLHrJLHbLMwQLhgr
mjsw0_sx380,SgLirzCgDytwJnLzLuagLwLz
mmdb1_si1625,vCyLJLyDcDAFHLhB
mmdb1_si2255,vyJBcDraLkgJLMSrLhnLuIPCJcClwtAytymcSsy
mmdb1_si995,bLkwtrLMcgDJyJrLkwULAByLABcDABnBymrLwDwUaILADcJM
mmdb1_sx185,kwLzwLhgDyLAImrIGmFQIaBJ
mmdb1_sx275,JMyQSaIFLhIsLInLAnKIrKScmrg
mmdb1_sx365,lyAcDCDLAbLkwUwLMcLAaIrmbLucDLHBLQrNIyaBrJ
mmdb1_sx5,JKywJLlDrlwDcByC
mmdb1_sx95,yLAScDwUwDnBLAymrJnLMIaLHyABIcLMgBU
mmdm2_si1452,HBLMIyLIyUFLJcQyIyKDMnJcHFLMIyvwlwDASGLJwAJnJtB
mmdm2_si1555,cJyAyQGJnDJrLk
mmdm2_si2082,vTLhGBEnBLAyPr
mmdm2_sx102,JLHwKBLMbJLHIJcUIJMPvaJLzPUCLAwLDcLHrJ
mmdm2_sx12,SaIaDSrTBFBy
mmdm2_sx192,JMIavbLJrmcQtbKwDwJr
mmdm2_sx282,lwLMPNtrytrLuaLMLAFCSDIgLzrULMPNtBe
mmdm2_sx372,lnLkgLInCsLAJnDJaBycLArCcLMJMnmy
mmjr0_si1648,FUwtrByCaILDCFLMnBLSNLASgwLkwmcQcBLMABLcJLHBgyDtIaDLM
mmjr0_si2166,BcLAJIyUaILJcCtBaU
mmjr0_si2278,kvyLMsLJDtgLAbDyULMPLhnIrCU
mmjr0_sx118,lcLhgCaBQyDLurywDJLwvbBaILzLhB
mmjr0_sx208,IaLUvbLHglcLHaDLkLwDULunLiLlwJKLMIsLuyJ
mmjr0_sx28,hsyQnLuaILtrSDLuaDcQAbJ
mmjr0_sx298,gLIblcDaLHBgQyKPULlwDyFQrLiIaILzM
mmjr0_sx388,vrvbDsLAJLSDnQcLhaCnLMrLALHIKrLiwCLzwU
mmwh0_si1089,HrvbLJtwEUSIyQDSrJlbD
mmwh0_si1301,kyDJLADtaICDCLHILDLhIyLzLHwLMSyDwLHIUwLMwDtbLALMwy
mmwh0_si459,vytrlrLHrLHIFULAIbLJcQDcDJLhnJctgLJeDLtrLAJLHrCcLMBvaJLHcmBJ
mmwh0_sx189,wJKLMrIgQIytaIBywLMCgamcLJ
mmwh0_sx279,veBcJwULhBcLMyLMcLSrLASlnBJwLHrQwKDwUDFLSyNwy
mmwh0_sx369,haLHsLHrLFQcBwQwErCTrIBJ
mmwh0_sx9,SrIyTPSaBySrSbDy
mmwh0_sx99,CwLyQBUJgySwULhsJLMaDvgrLAyJ
mpdf0_si1542,lwtyuSaIaCyKPUJwDaQywJLMwJyLHr
mpdf0_si2172,JLMIsLtLhyubDMwUwLHcLHDkaDvwULincJLJ
mpdf0_si912,TPCybCsJFtDwASrIyBCbLAtaI
mpdf0_sx102,JLHnKcLMbJLAtaIJwULInJLAyvaJMLzwUtcCLAwLDbLHrJ
mpdf0_sx12,SPIaLwDSnrcTnBFBwBy
mpdf0_sx192,JLMIavbLJramctbKDwJTr
mpdf0_sx282,lwLMPNtrtrmaLMwLAcCBDIazwJLMPtnBe
mpdf0_sx372,lnLhgLuIbCsLAJnDJFDyLMCcLiJLMnmy
mrcs0_si1223,lwIsLAFLMIbDBgAIbLwLJ
mrcs0_si1853,lnJwQnDJwLArLwDQyLMwDJLisDUDLHwrDJLvnDPSDUrIgLM
mrcs0_si593,lwubBcDMvbtJwmyULkgEDcDwJtyLM
mrcs0_sx143,lcJbDwLzwDctrULhTPLhBULusrLkybvcBFLA
mrcs0_sx233,vgSsynDtIySsLCyDJsDtnE
mrcs0_sx323,lctaLHIQnDwLlnCtrCrgQEDaDMg
mrcs0_sx413,lbtDyUSyULDyBLHwLJLAaItCbLMrJLArLM
mrcs0_sx53,yQDcJwLHBQcLAbLwBryLADMsDJwCLBU
mreb0_si1375,atnDQLkaCDwLJMInJwLHByDwAsMwJnrwELFQwMnDLiDaIyCFKwC
mreb0_si2005,vynLBbtLMrywDQgBwLlwAyEtCsybrmySLznLMFQrwDMaC
mreb0_si745,IgBLaIMnUMwUTPa
mreb0_sx115,lyCBCLwHsLAJyLAIaLSwUaBcQBF
mreb0_sx205,DFMrwLHIrJnerLAJLHnLMwLMPLhsLucQCwDaIrJ
mreb0_sx25,IgDyCBGrUSFQCsyDwrUJ
mreb0_sx295,wLArLAaCJLMCaIeLvbQrIsDtrCyEwLMP
mreb0_sx385,vwKFLrtnBLMnUwtwSLhIFLAwD
mrjm4_si1489,bmBaJLAPBLcJgEC
mrjm4_si2119,lyTwCULMwELMLkwJLAcCbDULwDCaJLM
mrjm4_si859,vsDgCLMLwLMrLHBbDTPUySaLHsatcSrArCLkFrIwLzarJ
mrjm4_sx139,cLhaCcBFScJLHFUDyJwLiPyLTrlwKr
mrjm4_sx229,vaIycLAyDtaILSaCLM
mrjm4_sx319,wLhyLuFLMgBybCBLkIPLltaCr
mrjm4_sx409,yDULHwDyKLCgQyELIyJwJLMIrLCrIgLAwJy
mrjm4_sx49,vbLMagQcDLMSaBLksScvgbQKwLhByD
mrjr0_si1182,lcmcJLkwtInDLiysmwtTPQlyUgLynU
mrjr0_si1812,wLirwLywUDFLMgCtaILAICDysKDUJ
mrjr0_si2313,SnBLzwDTrLkLuwDJvyMFCySaDLwDCwULMIvnDryLkwLDyQwDLkPlbLBbB
mrjr0_sx102,JLhcKBLMnJLtaIJwUInJLuTPvaJLzwUtCLAwLDeLHrU
mrjr0_sx12,SnBIaLcDSnrsTBy
mrjr0_sx192,JLMIavbLJaIamctbKDwJyr
mrjr0_sx282,lwLiPNtnrytILkgLMwLAaCBDIgLzrULMPyLMtnBeLH
mrjr0_sx372,lcLkgLIbDCsLAJnDJUaCBybtLArCcLiJLMcmy
mroa0_si1307,lwUwUDFDwULHIcJCsKDCFwLMLHy
mroa0_si1970,lLABDLkwDctFLSwDCyELMPLwLkaIDwUcCcSaDcBULIrIa
mroa0_si677,CHrSLAIwDULhyDFLlcJSr
mroa0_sx137,ArLwKDLAaIrULHIcCcLHIPSctIcDLryLkIr
mroa0_sx227,lLJwBNTrLAcLAclnLMr
mroa0_sx317,lwAInCLrLhFLuPLJLIrLHILyDaIcQC
mroa0_sx407,BgtLkwbLJLwDJwEtaLiDJLCaBULHaDTPC
mroa0_sx47,CaCJLAIaESyLkwJBgLJnLHMcDJ
mrtk0_si1093,SmFCcJnQaILyvsQrvrLyJgJyQt
mrtk0_si1723,wDPSgLywLkInJLMwLwDtCDFSr
mrtk0_si1750,AwlyCbJrwCJnBtwlwCsbDcClwJgLwLHIgCDwJLMrtsr
mrtk0_sx103,AaDnLwBcDJtrCnmwAaJwJMcDJ
mrtk0_sx13,JIyETaICwUvgUwLAsbC
mrtk0_sx193,SgLIgaIFSDyaFGUyPUCagD
mrtk0_sx283,HBbDHnrDvnmaImCwUsKDJLHCFDrNLADLMIF
mrtk0_sx373,CaIEaQGUwJwHrJyLHEHnBv
mrws1_si1130,KwlyLAJnBrsEuIlwtMnCFBLzylnDSaIDcJ
mrws1_si1496,bLMrlbLlgBcJScUwLuUFLMDMByUy
mrws1_si500,lrvrCaIaLtywJDwCtcCsmybLAJcDwDyLHIgQrmgJryU
mrws1_sx140,aLurLABMIcLHIamcLJrCyQwDByLwJMrLhymwLk
mrws1_sx230,cBgeBySsvyrIbKcBgUaBrU
mrws1_sx320,lDwrJDwLuagLCsCDaLHySwUwDSaLAELwJMwLJ
mrws1_sx410,uIsLhgUtIKCFLAyLMSyLksCaIrC
mrws1_sx50,AbJLMIatwLAyLADFCrLAcLhbLAJLDwDLcBcLHcLHaIr
mtaa0_si1285,twCByIbJLDyLHaLSLhyEcJry
mtaa0_si1915,wSUlnBwLiyLScvbtLMPywDgLMrIyDcJysKDLlsLutrLuwQDcJ
mtaa0_si596,aDyUlytwBsLADag
mtaa0_sx115,lwLbBcCLkLHwAJBLAaLHBJaBLuBF
mtaa0_sx205,lcLMrLHrJDaILJLHcLMwLMPLhsLuFQBwLhGrLJ
mtaa0_sx25,SaDByBFGrJBFQCPwDnrJ
mtaa0_sx295,lwtLAILAcCJDCaIBLvbQrIsDtrCymyEwLMP
mtaa0_sx385,lwKaItBnUctwLSLHIFLAwD
mtdt0_si1994,JPtaByULhyrUSULwLuwCywCLhnLDCbDTPLzwJLHnDcBamcCcDy
mtdt0_si2254,ABgByvyLwLMrCcDctGBar
mtdt0_si994,vrJLMcmyQwJLAIySGULHIrJwLMcByLHrJPLk
mtdt0_sx184,lwLAbLJCyeaJvrLiCgTyTrU
mtdt0_sx274,ABwtaUJPLhclcBFDUyrIywJCcJgLz
mtdt0_sx364,yLzcDLMgCBywDLAcCcaJLAFBcUgmwLSwNcLhILlFmcQwvyEJwJLMcCHaI
mtdt0_sx4,DzsDCsrDCaICgmyLhgSrLAyEvaILw
mtdt0_sx94,TcDJLMrUQBFQLAaCwDLAsbLyJLMIyLJ
mteb0_si1133,yLAnDHrLzbLABaIsLiLuFBUtaIrJbBt
mteb0_si2064,vyBULuwtMsLSwtbDgCbEwLMwUcCLvbDcLHFDcBrtrSCsDnDyIsJ
mteb0_si503,lwnIyaJLMwryrsJy
mteb0_sx143,lwJeDLwLznDctrULkylcBJLAwrLkybDBFLH
mteb0_sx233,vgBSswDtySsCyDwJsCLtsE
mteb0_sx323,lctaLHrQnDwDkbCtCrIgmyEaDMagC
mteb0_sx413,kbtyJSymyKDyLcLHByJLAaItCbLiLMrJLMr
mteb0_sx53,yQwDwJcCHBSBLAbQIyBrLADvsDJnDLBU
mthc0_si1015,vsywDLHbKrILlycBrLiyJaIJcUcQBgtJLMaLAtyLk
mthc0_si1645,JcLiKLAaLMCwUCScUcLMByBycDLzcJMtgLk
mthc0_si2275,wmaBLkwLkcLABrytwKDkwDKwLAKsLH
mthc0_sx115,lywChBcCLkyLHnLAJMywLAIaLHBcJaBLhPF
mthc0_sx205,CBLMrwLHrJDnBvaILALHnLMwLMPLhsLuFQrCcDMaImrU
mthc0_sx25,SFCyBGrUBFLCwByDnrU
mthc0_sx295,wtArBLAcCJSaIBvLvbtrIsKtrCymyEbLMP
mthc0_sx385,vwKBLrtnBMnUwtcSrLhIFLAD
mwjg0_si1124,BwCyAFMCyLwDCatcByLtrvwUDeBcJcJUCLHaILMCcLMyE
mwjg0_si1754,vyJnLlwLAIyUytSBLvbtcBeD
mwjg0_si494,hsLJBFBywlyJLASDvbLHercBFLur
mwjg0_sx134,wJnCQIDzgDySrLAcDgJLCcJLMwJLHnDwDCgbQy
mwjg0_sx224,vFLuPlwUTrDLPIwDJ
mwjg0_sx314,wLHyLHScCSwLinDrwULlwScLHyEDFDytcScBtnr
mwjg0_sx404,haILhLhrDLvsLHrDByUDwLlwLhaDtgr
mwjg0_sx44,hbJMLHaLHwDyDwDwLMvyELJLSr
fdhc0_si1559,kwTPByUwLhIaLAJCwmwLSwmySwJyByESwLlwDwDJnBt
fdhc0_si2189,TPJclcCaFSyUlLunQwLlFUyrJ
fdhc0_si929,hwLJnLiLAsJwUSryDcLHbJMsDTPB
fdhc0_sx119,lCwJLASFSwUIyLMIbLMwLSwLlDcHBwLzy
fdhc0_sx209,CgLAcLABrLwLhnLkrCaBcNAIsgDU
fdhc0_sx29,vFBLuIsLkwLHwLAwLHnLAcQlwLMsmnQwJ
fdhc0_sx299,KyEAIyCwULHaHTPrgmwCgDvFSyD
fdhc0_sx389,hsFDwLhwEyveJwDnIrCFLAcDMyJgLk
felc0_si1386,wDSsyLzDwLuFKysKwDJlywLwJLMIyLhaIwDJwUyTPDwmcSwlwJwDTwDTwD
felc0_si2016,vyQaDFUIFLMJLlLhFMJLAcCcCJLMcLA
felc0_si756,CwMrwBJLJrInCwLCaBwDABsDyLInLkSsaILhct
felc0_sx126,aIwtwKBDMBLzwDJwJtrCIycBv
felc0_sx216,lcJCaLhGLHLHcSrCcCvFLAr
felc0_sx306,cLiFUDtTPSBLhyLAcCLzwDrBJ
felc0_sx36,aBwCFJMLAFLHBJLaIcJcLMsDLHaLHBnrwy
felc0_sx396,wtwKlLunDMPyLHInDMwABywDJrQcJcQcJLCaBsLA
fjlm0_si1043,DJcHIgUwEIByLlwJLHrFLiLkwLDaBSgrLA
fjlm0_si1673,SwDLMsELAyLgLDcLByDFUcLhbmwTn
fjlm0_si2303,wDKaILAnDMLhaIwDaLrBtrsULJBgKLMyCLr
fjlm0_sx143,lwJbDwLzwrJrLhyLuFJLunrLlcvbDBgF
fjlm0_sx233,vgeSsywDtIySsCyDwJgDLgyE
fjlm0_sx323,lctaLHrQyDwLlywCLrCrIgQwEaDMgC
fjlm0_sx413,lbtyJSyKLDymcLHBwLMJLAaItLCbLiLMrJLAIr
fjlm0_sx53,ywDwJwDtBcLAbLyBnryLAwDMgyEJwCBJ
fmgd0_si1564,vgULwDIPSwULhbDwLhgJDsLInBtbDUwUbDnISrLuIsUwELAbmcB
fmgd0_si2194,vynLtaBgwDLMPJatLzaLvnDbmwLzaLhwULuaDwDySwJLIbDw
fmgd0_si934,cNcIyUslnmFBtJLMrUaIsLtIgDLMaILy
fmgd0_sx124,gaLzwLAJCsmwLATPmrvLhymctB
fmgd0_sx214,lcCaDELPcDcJLhgrSnLuBwJwDwDJgD
fmgd0_sx304,iyLzJMgaLADJtIcDtrJLMgDrSaID
fmgd0_sx34,kcLkPLMrIByJMrmyLksKywU
fmgd0_sx394,AbJyDsLALhcCUDLMyLJLAraB
fmld0_si2185,KyUwLirLAnLDFLhFDJwDKInLJLSnCLnLAI
fmld0_si822,CcLMrLkcLAKDsLyDAIyJLHgmynLHsDtnLMwLHIHrmyUwLlwJLMIrLu
fmld0_si925,ScCyBUwLucJwLkywUSgLwQaIJLMwC
fmld0_sx115,lyCBcLwLHwLAJMwLAILHBcJaScLuSF
fmld0_sx205,lcBLMrLHrJrBrLAJLhnLMwLMPLhsLucQrwDaIrU
fmld0_sx25,SGCByBGrUBcQCyDrJ
fmld0_sx295,wtArILAcDJLMCavnLrIsDitrCywLMP
fmld0_sx385,wJKFLrtcBcUwtrSrLhIFLHcD
fnlp0_si1308,wDMwywULHaJLhcLMwJnLHrIsymBcLMaDvnrCnEnmstcCDPLAByrctnLJ
fnlp0_si1938,BgmwQSwDLkFULuBFLzPLHIgLkPLkLknCLHFr
fnlp0_si678,tnQgJwDCyLAwDJwmrLk
fnlp0_sx138,lLABcDUyAcJCrJLMwUJcCyJLMwDJwtHrQtTywD
fnlp0_sx228,lwQyLHgyLkFQrBwLlynJwD
fnlp0_sx318,ByJMwDCcLlLMnmnUcLhcQtatIaDJ
fnlp0_sx408,aLkIcLlwJcLBsLhnmgvbQwDyDcQLisyDLz
fnlp0_sx48,unCclreLuPvrcLChryETPvwCLvnmyAbLkJ
fpas0_si1272,SaILMIrnJMrQtwUwLAJ
fpas0_si2204,HImyJPaCwLATaLATrwtBQFChIFUcSaLAwDJwLA
fpas0_si944,wQctaICUIcLMwLlcIcCcJHyLMnsLy
fpas0_sx134,MwJPCIrLznDIrDgUCcDJULHnDCgCy
fpas0_sx224,vcLuPmwUTrDLrDJ
fpas0_sx314,wtLkPLhaICaILzcDrJlrLhEDFDyLtrSnBtr
fpas0_sx404,haILhrDLHsLHIrCcByUDLhwLhatgar
fpas0_sx44,hcJLALhaLAChyDMwLzsEJLhaIr
fpkt0_si1538,wLAnILzLAIDiLhgLkwCBgLMLlcLMPLMPlwLuBPD
fpkt0_si2168,lsCsLAcJLADtaICcJBcLuw
fpkt0_si908,SyFwJlcBSyCwLkgQcNrLhPLJaD
fpkt0_sx188,vPaLMIgUvyDBCmwAJLHnJwAe
fpkt0_sx278,MwtrvwULHIJMyLiyLAsPCIyUlcSaJLMyLzrCB
fpkt0_sx368,DaIyJLAaJLMPCDymwDhBgLuBFULhyLAcLHByByBLun
fpkt0_sx8,SgTnBFSaIyFQrJwBygLwDJ
fpkt0_sx98,unJLAScKwDtIDycLJr
mbpm0_si1577,hIeDagUgLhIeCcJLMbK
mbpm0_si1584,InLMrUatDLArywJLhatDLMnLMLkbJLASnKLiDLhmyEnQrLkn
mbpm0_si947,tTPIrBrUcLHrLMrLMLhcUcmwE
mbpm0_sx137,ALkwKDrLASaIJLHIcBLHPQBtrcDLrsLzCnrLz
mbpm0_sx227,wLMBNTrLwLALAcNbLKr
mbpm0_sx317,lwAIbDLrLhaLuLMCrLHrmyDamC
mbpm0_sx407,BbtMnLMDJsEwtaILiwJBgBUcLHBgDwQ
mbpm0_sx47,CaDLMaDBLkwJBLJbLHLMgUrJ
mcmj0_si1094,DnrLAwDwJLMsLHrIyQTPrQUSgLMwLAaBgULMgUDyFgJLMwLA
mcmj0_si464,wLHIaJLMnLMrtLAamwELhbLAJLHbDwDLDwUDrDLMgUwDtInDwLurQDr
mcmj0_si602,hwLwKwLJrQrJaDeDrSyLkaLAnJrCwJnrUnDwCaIr
mcmj0_sx104,yJLMaLkgCtrDcLhnLr
mcmj0_sx14,taILlrUlnULuUbCIyQyrmnQytaICr
mcmj0_sx194,CsDzrIsSrDgrLkwUwD
mcmj0_sx284,zbtrmrIaImytsQrQrJwLMtTPLzHIrLiwJ
mcmj0_sx374,zaIwLAsEULKatrKtrQrQrD
mdab0_si1039,vyvwUDnQrvDJnBLMcsvytaLSwLiLMyvsLSLMQcJbmJ
mdab0_si1669,hwsJgmwLwDLkFLkDtgrJaBt
mdab0_si2299,JcLMgJyLAaJgmScNBgtgULhywvFD
mdab0_sx139,lcLhcDuBFJLMBJwLiSymwLwDwKaI
mdab0_sx229,gyQaDtGwLM
mdab0_sx319,sLHyLuFLAgmcBywLBLMPtaIyaILM
mdab0_sx409,ymEJLHwmwLiDgByLAIJMgNIgLicJBy
mdab0_sx49,bLMSgBwMcDcJtaLlsvaKLhBy
mgrt0_si1450,CyLMJLlrIysKDLHIaJnJwDcQCyLkvnUIyJyLyLAJLMwDJymwDnJLMwLusKwD
mgrt0_si2080,vyBLDcLAnryLhIytLAsJ
mgrt0_si820,hglnDMLScDtyBUBnLCsLwDytaIJcBULgrULznDFLcUyBbLMwLABtaIJcJ
mgrt0_sx10,gTrLuIsLUvgrQrmBFaIwlcDnDLJyU
mgrt0_sx100,HIcLzwLkwQnBCcDLScULHIrJyDLMPUBFBy
mgrt0_sx190,JrQUwLAFUBcvbtKrgnDlyBnBv
mgrt0_sx280,lyBsJcJLScUCraLz
mgrt0_sx370,lnDcULHIaBcCLuIFUCaIBcDcFByTyLiLkwsvy
mjdh0_si1354,SNwDcBaILzrJFKcJwJLMCaIlwJLMIAtIFtaDtCaBJcLJwJLMCU
mjdh0_si1984,wDSmagUsSar
mjdh0_si724,wJwJLMIyCgDIgtBtbJLMCSBCsLk
mjdh0_sx184,wLAbLiLhyeGJrLMCgyrU
mjdh0_sx274,lctwJPLhcQcBLzryJLCJaK
mjdh0_sx364,yLicDMaCByEACBaJLAFDJgmcSwNLHIyLkeDctwvyEJwJLMLHaI
mjdh0_sx4,zsDCsrDCaICcDyLhaISrLAEvaILk
mjdh0_sx94,TcDJLMPULBcQLAaCwDAbLyJLMIyLJ
mjln0_si1449,iytwLMrJMwDIsmywJLMwrBwUsKwDIwUagLUDCcBLMrJrQrJwJ
mjln0_si2079,lswLUJBbLHlstgJ
mjln0_si819,lsnrtaIJUCaIByLDPlnDyDBwLMwJLyLbDBnJwDwDCbEwtwUcC
mjln0_sx189,wJLMIPGnQIytgerBsmLMPCgamwJ
mjln0_sx279,geJwlwLhwByLMPSaILHBwleLJwLHQyUwDLvwUDFSrUy
mjln0_sx369,haLHsLHrmFQwlclwmyPCwrFU
mjln0_sx9,SrSaITPSBySarSsy
mjln0_sx99,CwLyQBJgmySwULhsJLMaDvgraILAyJ
mjmp0_si1535,vyLibCQcBnJLMwULHyKwLtsB
mjmp0_si1791,vDFlLCsbDSUDgLkIcDLvyCBgDLrvgyLubLMgmcLSwNUwJLAIgDPr
mjmp0_si905,vwUSrLhyTbDzwJwLAJLMsUbLMLktBg
mjmp0_sx185,yLzPLhgDyLAaIrIsFQrFJ
mjmp0_sx275,JLMyQaILhIgLCInLAbUCnrJLSnmr
mjmp0_sx365,lwLkbDCDCAnLMwUQwLMCAaIrmnLArCHByLtcNIyerJ
mjmp0_sx5,KyJLMnDrlwDgbC
mjmp0_sx95,vPLuCBgDwUwDeBLusmrUrLMbLHcLAFIcLMgBU
mklt0_si1213,CgeDwLMLhwrDJwJLaBcJwLMBgDU
mklt0_si1843,KPInmytavrLuIsmwQnLiPUcLyIaQcBcQrCFSLHaID
mklt0_si583,lwJLSwAwDJwLAcNnmwLMBywDJMs
mklt0_sx133,HyLMIyrUwACyEwtrLASwLuBcLi
mklt0_sx223,HwLALhwLiLhBaLMsLBcLwLuIaLi
mklt0_sx313,IatgtaDUDcLhaLJLtaITLuPBe
mklt0_sx403,SILIsLAJLMcQFDyJLArLJCLBgFUcJ
mklt0_sx43,wByLMyQraBtCwLAJLABPLwLk
mlll0_si1363,JcByULhLABsKDJLCynJcCnrwLclrJcBmwQLhwvTPwJ
mlll0_si1993,KLzySsLAwQC
mlll0_si733,MPQGLHcDLKIyDrLAsDwDLMCyLJLMnJcC
mlll0_sx103,AaBwLwJtCnmwLABcJcLMcLJ
mlll0_sx13,JByETraCwUvgUwAsbD
mlll0_sx193,SgLhgaBvLSLTaKPUCagD
mlll0_sx283,HBsDLHwrvPmaILuwUsKwDUJLHIcLhIrNLAwLMIFB
mlll0_sx373,cLhaIyDaCcBwUwJcLHrLJyLHDLMnB
mlnt0_si1574,BgJLSaILrIeCLhFBcHCnDMBUwDSyLivyDCaLkwLhgLHIbLM
mlnt0_si1902,lcLHaJEuBFLcJwLIgLM
mlnt0_si642,lnLHaLJLILMPJLMnLHIbmrJLAcLisbrvbDaLHaCLlbD
mlnt0_sx102,JLHnJcLMbJtaIJcUcInJLAPvaLMwLzwJLrCLAwLDbLHrJ
mlnt0_sx12,SaIaLwDSrsTaBnBy
mlnt0_sx192,JLMIaIvbLJrvatbKwDLwKyr
mlnt0_sx282,lwLMPLHrtLubLMwLAaDSDIaIrJLMPLHlcBvaLM
mlnt0_sx372,lwLkagLuIaCsLAJbDJLgEByLbLMrCgLiJLMgy
mnjm0_si1580,yaBwJsCLcvbQCgDywLnDvcJLHaLAc
mnjm0_si2210,laIyLMrDgLAIcJSJGaIr
mnjm0_si950,bJcLiLlnBcULhyaLHaBcLMnLJcDvbDFDywLMcJcLAsKwDLhgCbJwLz
mnjm0_sx140,bmrLAaBMaLHIamaLJaIaDyQcByLwJMwQw
mnjm0_sx230,aBaBySsvnrLhrIgJBagUvaBnr
mnjm0_sx320,lcDrUJcDcLuaLuwLCsDaLhPcJnDSaLHwELlcJLlcLJ
mnjm0_sx410,uIsLhagUtIcJLCFLAyLiSyLlsCaIwE
mnjm0_sx50,AbmcJLMIatwLAcLADaCwLAaLHbLJwLuBbLcLHaIr
mpam0_si1189,yLtTPLucDUrLAaLzrQwDLHcUwKCD
mpam0_si1819,vTPILwUagJByLHcBySwNSDvTPLzLHav
mpam0_si1961,cJLuDLMILiLMwKrLJByQLwDytBLMLhIyLhrcCcUcLhIaC
mpam0_sx109,KJPLMwDJLHIyLrgDAaCcJLMyLzJBFLH
mpam0_sx19,ScCPDCJFQcSrLAcCatDLhytBwCUy
mpam0_sx199,cCLiPLurDLimQaILkwLALhFUrLMLALMsLzJLMwUPU
mpam0_sx289,SlLHrQLuBaKUrQrTPUtBwDUyamB
mpam0_sx379,HbCLkwQLIamwDBcJCUcDLMrULkswU
mtas1_si1473,TFDymwDctLvcDy
mtas1_si2098,vyLuyQsKaILrvaILhBbtwDBcLMnrDFyEBy
mtas1_si838,vyEAIyJyDLMnCLhFQyLHIamwLkwQFLlc
mtas1_sx118,MCLhagDaBQyDuIywDJLwDcBaILkLhB
mtas1_sx208,IaLJbLhglLHaDkwDJLAbLiLMJLMIsLuyJ
mtas1_sx28,hsLlnLuaILtrSDLunBcDLctLAbJ
mtas1_sx298,gLInlDcLhgQyKPUwDLyFQrLiaILzLM
mtas1_sx388,rIgLvynDLsLAJLSDnQwlLrQnLMrLHInKrLisDLzwU
mtls0_si1370,SwCsJtsmwmvwJLHIaQcCcULhgLDFJLMLCwLlnLvyQItTyULMIyLCw
mtls0_si2000,SyMELuymwLHwtwLkysLuyLvyJMwLMsKwCw
mtls0_si740,kwPcNbLtnLJyLMsLhBLaBcNJ
mtls0_sx110,lLhbJLASsLMcIarDwULMwJaLnLJLArLHIaLHcDJ
mtls0_sx20,KTPSaSaICtyJyScBcDctreU
mtls0_sx200,IatLuDMIFLwJLMaLHaLMrDcLHyLirJ
mtls0_sx290,lwJLHrQKrwJLHnLwDtaCLMwtaLHrJLHrLHcLhgr
mtls0_sx380,SgLMaILzCIcDytrJnLiLAaILHwLK
mwbt0_si1553,vcBcQclcBwmrIyCsyLkaLhcLkwLhgJnQBLkcUcDBcLiIrDUJcLHrU
mwbt0_si2183,hgLJctcKyLJ
mwbt0_si923,MwCwmynLAJLIrLiJwJLMIwDScUwDcQcmcLhB
mwbt0_sx113,sDcJLAwBcmbLkCcDwULAwLtGTPLhbLA
mwbt0_sx203,lwLAaUSswDwLkcLhIcLHBsyvcLlcKPar
mwbt0_sx23,lFUCPUwKwDUvgDcgUBgQBcJGy
mwbt0_sx293,lyUMsLlwULMPmyLMsLhcLABaJLMwlwAByDPUtcCsy
mwbt0_sx383,lwLAaLHwLABymrULKnDLHPmaIGaIycLMcIaLu
mwew0_si1361,SmDwJLScDJnLKDSPSnBLAcDamwmrJ
mwew0_si1991,SFLtwLHBaIFDwJLMIyLMDLAcJMwDUwDCbJLMJwDnCEcCaB
mwew0_si731,ctTyTPUBsmrLwLkFDLtnBcD
mwew0_sx101,kwDLunrDiFLwDLknLArIsLMrLASnJrDtIaBcmsJ
mwew0_sx11,vyPBFBerQInrBgv
mwew0_sx191,SLzIaBtaDynLAyUsKwDUwScLJ
mwew0_sx281,AaIyDLMIwKLHBsLMnLSLhyLhaBUtrcFrJ
mwew0_sx371,IsLDeCwDcLHymLhnJLMbtrLhPUDwJLCrLzPJ